<?xml version="1.0" encoding="UTF-8"?>
<locales>
    <local>
        <tipo>Apartamento</tipo>
        <direccion>Ramón Cabanillas</direccion>
        <precio>450</precio>
        <fianza>450</fianza>
        <admMascotas>false</admMascotas>
        <habitaciones>2</habitaciones>
        <banhos>1</banhos>
        <ascensor>true</ascensor>
        <disponible>true</disponible>
        <amueblado>true</amueblado>
        <certificadoEn>D</certificadoEn>
        <calefaccion>true</calefaccion>
        <garaje>false</garaje>
        <trastero>false</trastero>
        <observaciones>Sin amueblar</observaciones>
    </local>
    <local>
        <tipo>Piso</tipo>
        <direccion>Ramon del cueto</direccion>
        <precio>100</precio>
        <fianza>10</fianza>
        <admMascotas>true</admMascotas>
        <habitaciones>1</habitaciones>
        <banhos>2</banhos>
        <ascensor>true</ascensor>
        <disponible>false</disponible>
        <amueblado>false</amueblado>
        <certificadoEn>A</certificadoEn>
        <calefaccion>true</calefaccion>
        <garaje>true</garaje>
        <trastero>true</trastero>
        <observaciones>hola</observaciones>
    </local>
    <local>
        <tipo>Chalet</tipo>
        <direccion>vizcaya 2</direccion>
        <precio>1200</precio>
        <fianza>120</fianza>
        <admMascotas>false</admMascotas>
        <habitaciones>3</habitaciones>
        <banhos>2</banhos>
        <ascensor>true</ascensor>
        <disponible>false</disponible>
        <amueblado>false</amueblado>
        <certificadoEn>B</certificadoEn>
        <calefaccion>true</calefaccion>
        <garaje>false</garaje>
        <trastero>false</trastero>
        <observaciones>eo</observaciones>
    </local>
    <local>
        <tipo>Apartamento</tipo>
        <direccion>vizcata</direccion>
        <precio>1254</precio>
        <fianza>444</fianza>
        <admMascotas>true</admMascotas>
        <habitaciones>1</habitaciones>
        <banhos>1</banhos>
        <ascensor>true</ascensor>
        <disponible>true</disponible>
        <amueblado>true</amueblado>
        <certificadoEn>C</certificadoEn>
        <calefaccion>true</calefaccion>
        <garaje>false</garaje>
        <trastero>false</trastero>
        <observaciones>adm mascota</observaciones>
    </local>
    <local>
        <tipo>tipodireccion</tipo>
        <direccion>vizcata</direccion>
        <precio>precio</precio>
        <fianza>fianza</fianza>
        <admMascotas>admMascotas</admMascotas>
        <habitaciones>habitaciones</habitaciones>
        <banhos>banhos</banhos>
        <ascensor>ascensor</ascensor>
        <disponible>disponible</disponible>
        <amueblado>amueblado</amueblado>
        <certificadoEn>certificadoEn</certificadoEn>
        <calefacciongaraje>calefacciongaraje</calefacciongaraje>
        <trastero>trastero</trastero>
        <observaciones>observaciones</observaciones>
    </local>
    <local>
        <tipo>tipodireccion</tipo>
        <direccion>vizcata</direccion>
        <precio>precio</precio>
        <fianza>fianza</fianza>
        <admMascotas>admMascotas</admMascotas>
        <habitaciones>habitaciones</habitaciones>
        <banhos>banhos</banhos>
        <ascensor>ascensor</ascensor>
        <disponible>disponible</disponible>
        <amueblado>amueblado</amueblado>
        <certificadoEn>certificadoEn</certificadoEn>
        <calefacciongaraje>calefacciongaraje</calefacciongaraje>
        <trastero>trastero</trastero>
        <observaciones>observaciones</observaciones>
    </local>
    <local>
        <tipo>tipodireccion</tipo>
        <direccion>vizcata</direccion>
        <precio>precio</precio>
        <fianza>fianza</fianza>
        <admMascotas>admMascotas</admMascotas>
        <habitaciones>habitaciones</habitaciones>
        <banhos>banhos</banhos>
        <ascensor>ascensor</ascensor>
        <disponible>disponible</disponible>
        <amueblado>amueblado</amueblado>
        <certificadoEn>certificadoEn</certificadoEn>
        <calefacciongaraje>calefacciongaraje</calefacciongaraje>
        <trastero>trastero</trastero>
        <observaciones>observaciones</observaciones>
    </local>
    <local>
        <tipo>tipodireccion</tipo>
        <direccion>vizcata</direccion>
        <precio>precio</precio>
        <fianza>fianza</fianza>
        <admMascotas>admMascotas</admMascotas>
        <habitaciones>habitaciones</habitaciones>
        <banhos>banhos</banhos>
        <ascensor>ascensor</ascensor>
        <disponible>disponible</disponible>
        <amueblado>amueblado</amueblado>
        <certificadoEn>certificadoEn</certificadoEn>
        <calefacciongaraje>calefacciongaraje</calefacciongaraje>
        <trastero>trastero</trastero>
        <observaciones>observaciones</observaciones>
    </local>
    <local>
        <tipo>tipodireccion</tipo>
        <direccion>vizcata</direccion>
        <precio>precio</precio>
        <fianza>fianza</fianza>
        <admMascotas>admMascotas</admMascotas>
        <habitaciones>habitaciones</habitaciones>
        <banhos>banhos</banhos>
        <ascensor>ascensor</ascensor>
        <disponible>disponible</disponible>
        <amueblado>amueblado</amueblado>
        <certificadoEn>certificadoEn</certificadoEn>
        <calefacciongaraje>calefacciongaraje</calefacciongaraje>
        <trastero>trastero</trastero>
        <observaciones>observaciones</observaciones>
    </local>
    <local>
        <tipo>tipodireccion</tipo>
        <direccion>vizcata</direccion>
        <precio>precio</precio>
        <fianza>fianza</fianza>
        <admMascotas>admMascotas</admMascotas>
        <habitaciones>habitaciones</habitaciones>
        <banhos>banhos</banhos>
        <ascensor>ascensor</ascensor>
        <disponible>disponible</disponible>
        <amueblado>amueblado</amueblado>
        <certificadoEn>certificadoEn</certificadoEn>
        <calefacciongaraje>calefacciongaraje</calefacciongaraje>
        <trastero>trastero</trastero>
        <observaciones>observaciones</observaciones>
    </local>
    <local>
        <tipo>tipodireccion</tipo>
        <direccion>vizcata</direccion>
        <precio>precio</precio>
        <fianza>fianza</fianza>
        <admMascotas>admMascotas</admMascotas>
        <habitaciones>habitaciones</habitaciones>
        <banhos>banhos</banhos>
        <ascensor>ascensor</ascensor>
        <disponible>disponible</disponible>
        <amueblado>amueblado</amueblado>
        <certificadoEn>certificadoEn</certificadoEn>
        <calefacciongaraje>calefacciongaraje</calefacciongaraje>
        <trastero>trastero</trastero>
        <observaciones>observaciones</observaciones>
    </local>
    <local>
        <<tipo>tipodireccion</tipo>
        <direccion>vizcata</direccion>
        <precio>precio</precio>
        <fianza>fianza</fianza>
        <admMascotas>admMascotas</admMascotas>
        <habitaciones>habitaciones</habitaciones>
        <banhos>banhos</banhos>
        <ascensor>ascensor</ascensor>
        <disponible>disponible</disponible>
        <amueblado>amueblado</amueblado>
        <certificadoEn>certificadoEn</certificadoEn>
        <calefacciongaraje>calefacciongaraje</calefacciongaraje>
        <trastero>trastero</trastero>
        <observaciones>observaciones</observaciones>
    </local>
    <local>
        <tipo>tipodireccion</tipo>
        <direccion>vizcata</direccion>
        <precio>400</precio>
        <fianza>800</fianza>
        <admMascotas>2</admMascotas>
        <habitaciones>3</habitaciones>
        <banhos>true</banhos>
        <ascensor>false</ascensor>
        <disponible>true</disponible>
        <amueblado>false</amueblado>
        <certificadoEn>false</certificadoEn>
        <calefacciongaraje>false</calefacciongaraje>
        <trastero>true</trastero>
        <observaciones>Nada</observaciones>
    </local>
</locales>
